"DATE","US_CPI","EU_CPI","US_M2","EU_M2","EU_IR","US_IR","US_SHARE","dollar_min","dollar_max","dollar_median","dollar","MONTH"
1999-01-01,1.67079207920794,0.851414446580609,4416.9,3953.26,3.137,4.63,58.9662191873068,1.1384,1.179,1.1598,1.16078,1
1999-02-01,1.6059295861643,0.835616438356161,4410.475,3911.2,3.118,4.76,58.2997286090052,1.0969,1.1342,1.1245,1.120765,2
1999-03-01,1.72626387176327,1.02599179206565,4447.82,3929.38,2.9252,4.81,59.7840802400251,1.0692,1.1012,1.0898,1.08829565217391,3
1999-04-01,2.27692307692307,1.13264192139737,4510.25,3950.65,2.7091,4.74,62.1668620890372,1.0581,1.0867,1.0697,1.07044090909091,4
1999-05-01,2.08845208845208,0.994144082799929,4459.84,3979.5,2.551,4.74,62.9455527494763,1.0456,1.0799,1.0634,1.06280952380952,5
1999-06-01,1.96319018404907,0.939158840342985,4495.025,4005.34,2.5632,4.76,62.3427125425497,1.028,1.0474,1.0382,1.03775454545455,6
1999-07-01,2.14460784313725,1.0752688172043,4519.2,4021.98,2.5209,4.99,64.2542978108055,1.0124,1.0698,1.02365,1.03526818181818,7
1999-08-01,2.26438188494492,1.17022724180159,4534.76,3991.12,2.4427,5.07,61.5005964476692,1.0433,1.0791,1.0622,1.06035454545455,8
1999-09-01,2.62836185819072,1.30665577786852,4555.225,4000.41,2.4336,5.22,60.1979430965846,1.0342,1.0682,1.0496,1.05007727272727,9
1999-10-01,2.56097560975609,1.38869979577944,4571.525,4019.77,2.5019,5.2,59.3237406289936,1.0453,1.0869,1.0728,1.07063333333333,10
1999-11-01,2.62195121951219,1.52484683458133,4602.56,4049.15,2.9355,5.42,62.8075053373,1.0077,1.0572,1.0358,1.03382272727273,11
1999-12-01,2.68456375838926,1.82337733024901,4660.075,4142.3,3.0418,5.3,63.1987537761486,1.0015,1.0239,1.00935,1.01101363636364,12
2000-01-01,2.73889227023737,1.93357304592291,4674.3,4137.75,3.0429,5.45,62.8660189009962,0.9791,1.0388,1.0097,1.01369523809524,1
2000-02-01,3.22188449848025,2.02437767196322,4673.7,4133.65,3.2757,5.73,59.923865914473,0.9639,1.0068,0.9835,0.98342380952381,2
2000-03-01,3.75757575757575,2.05861720875323,4731.3,4143.89,3.5104,5.85,61.6246839648728,0.9543,0.9725,0.9647,0.96434347826087,3
2000-04-01,3.06859205776174,1.80857049673868,4814.475,4186.04,3.685,6.02,64.0181920098078,0.9085,0.9673,0.9539,0.94695,4
2000-05-01,3.18892900120338,1.86135346535924,4731.84,4177.62,3.92,6.27,63.338333076556,0.8875,0.9359,0.9047,0.905968181818182,5
2000-06-01,3.73044524669075,2.21213428523996,4759.5,4186.42,4.2945,6.53,64.3315696087416,0.9327,0.9668,0.9497,0.949177272727273,6
2000-07-01,3.65926814637075,2.18228059844159,4770.1,4184.94,4.3086,6.54,64.6789448372071,0.9216,0.9542,0.9389,0.939657142857143,7
2000-08-01,3.41113105924597,2.13933243073884,4805.225,4176.87,4.4191,6.5,65.9681386953433,0.8906,0.9264,0.9028,0.90405652173913,8
2000-09-01,3.45443716497914,2.47315619567113,4838.8,4182.5,4.5905,6.52,66.1083437956433,0.8476,0.9,0.8735,0.872114285714286,9
2000-10-01,3.44827586206897,2.47185651896388,4848.78,4187.28,4.7627,6.51,64.0261528872464,0.8252,0.8802,0.8518,0.855159090909091,10
2000-11-01,3.44622697563873,2.54911777203968,4881.5,4210.8,4.8291,6.51,63.9463567980976,0.8406,0.873,0.8565,0.856386363636364,11
2000-12-01,3.38680926916221,2.6,4939.125,4299.63,4.8268,6.4,63.8902560265013,0.8735,0.931,0.8908,0.897315789473684,12
2001-01-01,3.73222748815164,2.1,4981.02,4348.58,4.7559,5.98,64.4254143051348,0.9146,0.9545,0.94055,0.938281818181818,1
2001-02-01,3.53356890459364,2.1,5002.1,4355.58,4.9925,5.49,64.1760046978542,0.9056,0.9425,0.92165,0.921705,2
2001-03-01,2.92056074766355,2.3,5089.1,4385.08,4.7814,5.31,59.7594035523308,0.8832,0.9363,0.9042,0.909522727272727,3
2001-04-01,3.26911850554583,2.8,5167.06,4422.97,5.0642,4.8,60.092917488315,0.8772,0.9032,0.8945,0.892,4
2001-05-01,3.61516034985422,3.1,5109.225,4445.38,4.6536,4.21,63.8312518760744,0.848,0.8939,0.87705,0.874163636363636,5
2001-06-01,3.24825986078885,2.9,5159.475,4492.2,4.5395,3.97,62.4747183605462,0.8465,0.8662,0.8513,0.853166666666667,6
2001-07-01,2.7199074074074,2.6,5182.8,4479.92,4.5055,3.77,60.7987195162783,0.8384,0.8793,0.8597,0.860663636363636,7
2001-08-01,2.7199074074074,2.4,5224.325,4461.07,4.4913,3.65,59.8657046804808,0.8763,0.9216,0.909,0.900482608695652,8
2001-09-01,2.64824409902132,2.3,5330.225,4508.74,3.9865,3.07,54.5954165014004,0.8855,0.9269,0.91475,0.911095,9
2001-10-01,2.12643678160919,2.3,5316.2,4512.93,3.9713,2.49,55.0646399833664,0.8887,0.9214,0.9052,0.905865217391304,10
2001-11-01,1.89546237794372,2,5379.55,4565.04,3.5073,2.09,56.9918279251659,0.8778,0.9097,0.88435,0.888309090909091,11
2001-12-01,1.55172413793103,2.1,5456.82,4684.36,3.3389,1.82,57.7323768417139,0.8798,0.9049,0.8922,0.892372222222222,12
2002-01-01,1.14220445459737,2.6,5455.3,4655.66,3.2936,1.73,57.6208309001926,0.8578,0.9038,0.8848,0.883286363636364,1
2002-02-01,1.13765642775882,2.5,5464.2,4644.45,3.283,1.74,56.4110585016786,0.8632,0.8794,0.8697,0.870035,2
2002-03-01,1.47559591373441,2.5,5512.1,4670.24,3.264,1.73,59.4904195522896,0.8649,0.8853,0.87525,0.8758,3
2002-04-01,1.63934426229508,2.4,5533.78,4706.32,3.3162,1.75,58.1882073181068,0.8763,0.9038,0.8818,0.885842857142857,4
2002-05-01,1.1817670230726,2.1,5498.95,4728.2,3.31,1.75,57.0232031480119,0.903,0.9387,0.9148,0.917,5
2002-06-01,1.06741573033709,1.9,5534.225,4768.16,3.3485,1.75,53.9080649776182,0.9313,0.9975,0.94685,0.95544,6
2002-07-01,1.46478873239436,2,5569.5,4758.31,3.3017,1.73,48.2562166257774,0.9725,1.0146,0.991,0.992182608695652,7
2002-08-01,1.80281690140844,2.2,5620.325,4750.26,3.2927,1.74,48.7076452052338,0.9687,0.9873,0.97785,0.977759090909091,8
2002-09-01,1.51430173864273,2.1,5642.46,4792.13,3.3186,1.75,46.7630369904512,0.9649,0.9975,0.9796,0.980795238095238,9
2002-10-01,2.02588632526732,2.3,5684.4,4811.02,3.3004,1.75,45.5427749651946,0.9735,0.989,0.9814,0.981108695652174,10
2002-11-01,2.19842164599775,2.3,5747.25,4875.5,3.3043,1.34,47.8747501103986,0.9905,1.0126,1.0024,1.0013619047619,11
2002-12-01,2.37691001697794,2.3,5799.74,4981.45,3.0945,1.24,47.5248461326291,0.9871,1.0487,1.02165,1.018255,12
2003-01-01,2.5974025974026,2.2,5800.7,4923.61,2.7868,1.24,47.3498941437444,1.0377,1.087,1.06145,1.06218636363636,1
2003-02-01,2.98087739032619,2.4,5811.225,4951.52,2.7635,1.26,44.3759913048487,1.0706,1.091,1.07685,1.077295,2
2003-03-01,3.0201342281879,2.4,5874.58,5006.35,2.749,1.25,44.2455265722382,1.057,1.108,1.08,1.08065238095238,3
2003-04-01,2.22469410456062,2.1,5940.1,5052.35,2.5605,1.26,46.6297625363917,1.0582,1.1131,1.0833,1.08476,4
2003-05-01,2.05784204671857,1.9,5935.875,5109.43,2.5571,1.26,49.3649327095127,1.1218,1.1901,1.1597,1.15818095238095,5
2003-06-01,2.11228460255697,2,5985.22,5130.1,2.2133,1.22,52.2927561166465,1.1413,1.1854,1.1699,1.16628095238095,6
2003-07-01,2.10993892282067,2,6034.7,5124.23,2.0783,1.01,52.1439345372365,1.1138,1.1543,1.1355,1.13718260869565,7
2003-08-01,2.15827338129497,2.1,6091.625,5125.97,2.0981,1.03,52.2689671417125,1.0816,1.1392,1.1188,1.11386666666667,8
2003-09-01,2.32044198895027,2.2,6064.96,5136.98,2.0209,1.01,53.8006399608887,1.0783,1.1652,1.1226,1.12217272727273,9
2003-10-01,2.04081632653061,2.1,6051.5,5157.88,2.0148,1.01,55.2053133705746,1.1579,1.1788,1.1686,1.16919130434783,10
2003-11-01,1.7650303364589,2.2,6068.825,5206.04,1.973,1,56.1324277913295,1.1424,1.1994,1.17655,1.170195,11
2003-12-01,1.87949143173024,2,6095.9,5298,2.0567,0.98,58.5198481064585,1.1975,1.263,1.2258,1.2285619047619,12
2004-01-01,1.92625206384149,1.8,6067.8,5271.71,2.0214,1,61.4746448395017,1.2373,1.2828,1.2634,1.26131904761905,1
2004-02-01,1.69306389950846,1.7,6073.9,5273.55,2.0315,1.01,62.4027894914544,1.2418,1.2858,1.2646,1.264645,2
2004-03-01,1.73724212812162,1.7,6155.64,5310.22,2.0057,1,61.5773869871497,1.2118,1.2484,1.2256,1.2261652173913,3
2004-04-01,2.28509249183896,2.1,6239.9,5344.47,2.078,1,61.8444978395583,1.1826,1.232,1.1929,1.19854,4
2004-05-01,3.05177111716622,2.5,6242.86,5377.37,2.0152,1,59.7237200899298,1.1802,1.2246,1.2023,1.20072380952381,5
2004-06-01,3.26619488296135,2.4,6273.675,5408.01,2.0277,1.03,61.3312553882262,1.2001,1.2319,1.213,1.21383181818182,6
2004-07-01,2.99075584556824,2.3,6280.6,5428.44,2.0677,1.26,60.389811388082,1.2026,1.2412,1.23025,1.22658636363636,7
2004-08-01,2.65438786565547,2.4,6294.92,5397.92,2.0405,1.43,59.4989423740179,1.1983,1.2359,1.2179,1.21759545454545,8
2004-09-01,2.53779697624191,2.2,6337.15,5451.08,2.0518,1.61,61.3456786249972,1.2039,1.2409,1.22275,1.22178181818182,9
2004-10-01,3.18918918918919,2.4,6351.475,5490.29,2.1114,1.76,61.8998493521016,1.2267,1.2792,1.2414,1.24896666666667,10
2004-11-01,3.52303523035231,2.3,6395.22,5528.87,2.085,1.93,64.9732163302884,1.2705,1.3295,1.2974,1.29913636363636,11
2004-12-01,3.25556158437331,2.3,6448.45,5632.27,2.0535,2.16,66.8493609990995,1.3191,1.3633,1.3384,1.34076086956522,12
2005-01-01,2.96976241900649,1.9,6407.2,5637.3,2.0771,2.28,66.0967302803212,1.2936,1.3507,1.3085,1.31192857142857,1
2005-02-01,3.0075187969925,2.1,6405.675,5643.36,2.0585,2.5,67.8469994282217,1.2762,1.326,1.3033,1.301425,2
2005-03-01,3.14834578441835,2.2,6463.975,5680.39,2.0567,2.63,68.08076825277,1.2926,1.3416,1.3199,1.32006666666667,3
2005-04-01,3.51063829787233,2.1,6518.525,5738.28,2.0757,2.79,66.290413745532,1.281,1.3077,1.2957,1.29379047619048,4
2005-05-01,2.80274986779483,2,6454.22,5778.33,2.07,3,66.4794143416612,1.2331,1.2954,1.26355,1.26939545454545,5
2005-06-01,2.53031101739589,2,6513.825,5858.48,2.0623,3.04,67.7982039323925,1.2054,1.2324,1.21395,1.21649090909091,6
2005-07-01,3.16789862724393,2.1,6528.925,5896.53,2.0729,3.26,69.1415317571108,1.1883,1.2187,1.2063,1.20371904761905,7
2005-08-01,3.64116094986808,2.2,6548.78,5859.42,2.0609,3.5,70.0831630720183,1.2181,1.2457,1.2296,1.22924347826087,8
2005-09-01,4.68667719852555,2.6,6589.25,5939.64,2.0941,3.62,71.011588696116,1.2005,1.2541,1.2234,1.22564090909091,9
2005-10-01,4.34782608695652,2.5,6608.74,5976.94,2.0671,3.78,69.0557415955378,1.1933,1.2144,1.2012,1.20145238095238,10
2005-11-01,3.45549738219894,2.3,6656.15,6002.37,2.0859,4,71.1132069551844,1.1667,1.2041,1.17625,1.17857272727273,11
2005-12-01,3.41565948502364,2.3,6702.45,6168.74,2.2757,4.16,72.9563842256618,1.1697,1.202,1.1852,1.18560952380952,12
2006-01-01,3.98531725222863,2.5,6709.96,6134.01,2.3264,4.29,74.8948110532568,1.1826,1.2294,1.2088,1.21031363636364,1
2006-02-01,3.59749739311782,2.4,6720.775,6157.33,2.3495,4.49,75.3682491173962,1.1852,1.2092,1.1919,1.193835,2
2006-03-01,3.3626487325401,2.2,6794.575,6212.52,2.52,4.59,76.5587280952945,1.1913,1.2185,1.202,1.202,3
2006-04-01,3.54573484069888,2.5,6870.05,6316.68,2.6283,4.79,78.1582088587708,1.2063,1.2537,1.2287,1.22711666666667,4
2006-05-01,4.16666666666665,2.5,6793.82,6321.18,2.5768,4.94,78.1904269980514,1.2592,1.2914,1.27685,1.27695909090909,5
2006-06-01,4.31876606683804,2.5,6851.775,6386.78,2.6977,4.99,74.7909450170292,1.2502,1.2958,1.26005,1.26499545454545,6
2006-07-01,4.1453428863869,2.5,6869.38,6382.25,2.8138,5.24,75.9610066857322,1.2482,1.2794,1.2692,1.26836666666667,7
2006-08-01,3.81873727087576,2.3,6892.95,6360.02,2.9683,5.25,77.6876741734619,1.2718,1.2919,1.2808,1.28113043478261,8
2006-09-01,2.06237424547282,1.8,6920.125,6461.11,3.041,5.25,78.5390197724781,1.2654,1.2852,1.2713,1.27274285714286,9
2006-10-01,1.30522088353415,1.6,6952.42,6472.19,3.2782,5.25,81.0230945054492,1.2515,1.2737,1.25915,1.26110454545455,10
2006-11-01,1.97368421052632,1.9,7024.325,6535.93,3.3277,5.25,82.9852166505966,1.2702,1.32,1.2819,1.28814090909091,11
2006-12-01,2.54065040650407,1.9,7086.15,6743.79,3.5011,5.24,85.1180762024554,1.3095,1.3331,1.3192,1.32127894736842,12
2007-01-01,2.07564296520424,1.9,7104.88,6704.08,3.5632,5.25,85.5371929852494,1.2893,1.327,1.2975,1.29986363636364,1
2007-02-01,2.41519879214898,1.9,7105.525,6707.66,3.5695,5.26,87.572929832358,1.2925,1.323,1.3094,1.30742,2
2007-03-01,2.77877877877878,2,7193.7,6830.31,3.6909,5.26,85.420870517265,1.3083,1.3352,1.32455,1.32418636363636,3
2007-04-01,2.57369727047146,1.9,7289.72,6875.26,3.8195,5.25,89.4411136237305,1.3352,1.3649,1.355,1.35161578947368,4
2007-05-01,2.69086419753088,1.9,7240.575,6928.87,3.7905,5.25,92.0211871728723,1.342,1.3615,1.35125,1.35113181818182,5
2007-06-01,2.68703794972894,1.9,7282.9,7023.58,3.9557,5.25,92.6925232843958,1.3287,1.3532,1.3436,1.34185714285714,6
2007-07-01,2.35823095823096,1.8,7285.12,7063.72,4.0632,5.26,93.5409655045815,1.3588,1.3833,1.37325,1.37155909090909,7
2007-08-01,1.97008337420303,1.8,7344.95,7044.76,4.0474,5.02,88.4166891834622,1.3405,1.3818,1.365,1.36224782608696,8
2007-09-01,2.75505174963037,2.2,7372.6,7140.14,4.0286,4.94,91.4896815321224,1.358,1.418,1.3881,1.389645,9
2007-10-01,3.53617443012883,2.6,7371.24,7229.79,3.9414,4.76,95.1495310340758,1.4037,1.4447,1.42,1.42274782608696,10
2007-11-01,4.30620347394541,3.1,7432.35,7288.79,4.0221,4.49,91.0900454847074,1.4423,1.4874,1.46915,1.46836363636364,11
2007-12-01,4.0812685827552,3.1,7496.6,7436.87,3.8791,4.24,91.88257424806,1.4349,1.4741,1.4649,1.45703684210526,12
2008-01-01,4.28029404790135,3.3,7503.225,7449.46,4.0218,3.94,85.9213755646954,1.4482,1.4895,1.4714,1.47179090909091,1
2008-02-01,4.02655541304871,3.3,7571.725,7471.67,4.0279,2.98,84.648946377871,1.4513,1.5167,1.4688,1.4748380952381,2
2008-03-01,3.98145623125168,3.7,7707,7544.87,4.091,2.61,82.1694608565998,1.5196,1.5812,1.5561,1.55265263157895,3
2008-04-01,3.93688977482752,3.3,7775.875,7625.57,3.9868,2.28,85.9222184811301,1.5526,1.594,1.57475,1.57505,4
2008-05-01,4.17554304180352,3.8,7703.65,7688.72,4.0097,1.98,88.2616862168646,1.5347,1.5761,1.5508,1.5557,5
2008-06-01,5.02179004761172,4.1,7729.5,7734.63,4.0067,2,84.2632652803189,1.5336,1.5784,1.5521,1.55527619047619,6
2008-07-01,5.60012290025396,4.2,7748.4,7750.32,4.1908,2.01,78.9506439647417,1.5589,1.599,1.5746,1.57696956521739,7
2008-08-01,5.37185511526235,3.9,7744.75,7759.48,4.2989,2,78.3181756665947,1.4598,1.5574,1.4814,1.4975380952381,8
2008-09-01,4.9369274305722,3.7,7796.78,7839.9,4.2733,1.81,74.0719372982561,1.3934,1.4731,1.4326,1.43695,9
2008-10-01,3.65518627713749,3.2,7923.025,7972.12,3.8198,0.97,57.4156275770414,1.246,1.4081,1.3507,1.33220869565217,10
2008-11-01,1.06957469180737,2.2,7983.45,8018.99,3.1502,0.39,51.779607322696,1.2525,1.2935,1.27515,1.273215,11
2008-12-01,0.0914129006455893,1.7,8200.94,8103.06,2.4864,0.16,51.7366185845279,1.2608,1.4616,1.351,1.34494285714286,12
2009-01-01,0.0298465036952666,1.2,8285.25,8101.89,1.8122,0.15,51.378472757175,1.2795,1.3866,1.3182,1.32386666666667,1
2009-02-01,0.236191088037882,1.3,8286.875,8093.8,1.2571,0.22,47.3830488568414,1.2591,1.3008,1.27955,1.27847,2
2009-03-01,-0.383556254917384,0.6,8427.3,8094.02,1.062,0.18,44.3909764859095,1.2555,1.3671,1.2992,1.30498181818182,3
2009-04-01,-0.736885715216724,0.7,8449.725,8164.98,0.8419,0.15,50.0141656789715,1.2932,1.3496,1.32315,1.31903,4
2009-05-01,-1.28143579895861,0.1,8422.3,8157.43,0.7821,0.18,54.5226447158739,1.3223,1.4098,1.36175,1.365045,5
2009-06-01,-1.42677604368987,-0.1,8439.74,8186.15,0.698,0.21,56.0599369779479,1.384,1.4238,1.3991,1.40164545454545,6
2009-07-01,-2.09716135367605,-0.6,8411.575,8170.12,0.3576,0.16,56.3407218080745,1.3897,1.4269,1.409,1.40876956521739,7
2009-08-01,-1.48434861196061,-0.1,8385.42,8152.96,0.3475,0.16,61.6001457308858,1.4072,1.441,1.4293,1.4268,8
2009-09-01,-1.28620596664275,-0.3,8397.425,8153.65,0.3632,0.15,63.9741730404417,1.422,1.4783,1.46025,1.45616363636364,9
2009-10-01,-0.182848277486101,-0.1,8422.5,8178.41,0.3587,0.12,65.4323248150384,1.4537,1.502,1.4832,1.48163636363636,10
2009-11-01,1.83829586913028,0.5,8489.84,8169.98,0.3624,0.12,66.3718020101684,1.4658,1.5083,1.4922,1.49144761904762,11
2009-12-01,2.72133112620585,0.9,8546.675,8275.09,0.3546,0.12,67.1647054030475,1.4276,1.512,1.45505,1.46135909090909,12
2010-01-01,2.62570864295763,0.9,8479.15,8234.93,0.344,0.11,67.9826153168218,1.3966,1.4563,1.42915,1.42721,1
2010-02-01,2.14333177814537,0.8,8487.275,8210.92,0.3406,0.13,65.1309353609532,1.3489,1.3984,1.3662,1.36857,2
2010-03-01,2.31395944694395,1.6,8566.14,8209.45,0.3477,0.16,68.8368642946686,1.3338,1.3765,1.3557,1.35685217391304,3
2010-04-01,2.23644719564809,1.6,8611.55,8268.95,0.3533,0.2,71.2205383145324,1.3245,1.3615,1.33785,1.34057,4
2010-05-01,2.02098608409396,1.7,8577.66,8301.22,0.3439,0.2,65.5570764473694,1.2223,1.3238,1.2492,1.25653333333333,5
2010-06-01,1.05334897284567,1.5,8608.95,8333.16,0.3543,0.18,63.3849744526077,1.1942,1.2391,1.2258,1.22085,6
2010-07-01,1.23519277830146,1.7,8577.85,8337.67,0.4811,0.18,63.6621066448507,1.2328,1.3069,1.28225,1.277,7
2010-08-01,1.1481045618392,1.6,8601.76,8342.47,0.4256,0.19,64.8323556283169,1.2611,1.3253,1.2828,1.28941818181818,8
2010-09-01,1.14368265815928,1.9,8650.6,8344.37,0.4536,0.19,66.9184801467424,1.2697,1.3648,1.30245,1.3067,9
2010-10-01,1.17218760552695,1.9,8703.725,8378.48,0.7013,0.19,70.0758577962512,1.3705,1.4101,1.3874,1.38978095238095,10
2010-11-01,1.14316091157028,1.9,8762.36,8388.3,0.5926,0.19,71.2458258075724,1.2998,1.4244,1.36605,1.36609545454545,11
2010-12-01,1.49572352731431,2.2,8852.375,8472.3,0.4981,0.18,73.4390943705826,1.3064,1.3435,1.3214,1.32201304347826,12
2011-01-01,1.63184685744875,2.3,8853.06,8435.75,0.659,0.17,75.8366296829276,1.2903,1.3716,1.3371,1.33596666666667,1
2011-02-01,2.10758462865817,2.4,8887.125,8415.89,0.7071,0.16,78.3819563434847,1.344,1.3834,1.3641,1.364895,2
2011-03-01,2.68160326424087,2.7,8998.9,8441.08,0.6587,0.14,77.4994228363857,1.3773,1.4211,1.4004,1.39991739130435,3
2011-04-01,3.16363085927646,2.8,9064.6,8482.01,0.9661,0.1,79.3437239954426,1.4141,1.486,1.4434,1.44417894736842,4
2011-05-01,3.56864578463458,2.7,9018.34,8488.12,1.0334,0.09,78.7945171095646,1.402,1.4882,1.42685,1.43486363636364,5
2011-06-01,3.55882825224234,2.7,9102.975,8517.98,1.124,0.09,75.9440546996571,1.4088,1.4652,1.44025,1.43884090909091,6
2011-07-01,3.62871598222108,2.6,9238.325,8522.26,1.0118,0.07,77.6740938531256,1.3975,1.45,1.4247,1.42642857142857,7
2011-08-01,3.77120817911978,2.6,9444.98,8530.7,0.9058,0.1,68.7667149158278,1.4143,1.4487,1.4369,1.43432173913043,8
2011-09-01,3.8683568410403,3,9497.65,8568.03,1.0055,0.08,66.5573372831773,1.343,1.4285,1.3683,1.377,9
2011-10-01,3.5251999213574,3,9544.42,8555.87,0.9596,0.07,67.948898659435,1.3181,1.416,1.3776,1.37063333333333,10
2011-11-01,3.39437759080085,3,9632.875,8565.19,0.79,0.08,68.6442110606558,1.3229,1.3809,1.35555,1.35557272727273,11
2011-12-01,2.96241884487108,2.8,9709.3,8670.61,0.627,0.07,69.3681826206553,1.2889,1.3511,1.3074,1.31790476190476,12
2012-01-01,2.92521671215085,2.6,9768.84,8640.11,0.38,0.08,72.3130516712457,1.2669,1.3176,1.29065,1.29048636363636,1
2012-02-01,2.87109878043822,2.7,9781.325,8648.41,0.3656,0.1,75.6141934015565,1.2982,1.3454,1.3222,1.32240952380952,2
2012-03-01,2.65139819302177,2.7,9891.925,8718.04,0.3567,0.13,76.4875484852558,1.3057,1.3356,1.32075,1.3201,3
2012-04-01,2.30273981129894,2.6,9947.42,8721.25,0.3451,0.14,75.3468952343846,1.3024,1.3319,1.3148,1.31617368421053,4
2012-05-01,1.7042537749376,2.4,9883.2,8752.51,0.337,0.16,72.1718163397478,1.2403,1.3132,1.2759,1.27889090909091,5
2012-06-01,1.66399376223851,2.4,9950.75,8810.36,0.332,0.16,70.7619917740722,1.2322,1.2704,1.2534,1.25262857142857,6
2012-07-01,1.40845070422536,2.4,10000.14,8833.84,0.1842,0.16,72.7995081114316,1.2089,1.2593,1.22705,1.22884545454545,7
2012-08-01,1.69237899755015,2.6,10063.45,8826.21,0.1101,0.13,75.0352034683201,1.2245,1.2611,1.2352,1.23999565217391,8
2012-09-01,1.99128208066498,2.6,10150.85,8866.35,0.0993,0.14,77.4222491539226,1.2568,1.3095,1.2903,1.28557,9
2012-10-01,2.16234359887113,2.5,10228.24,8928.5,0.0907,0.16,77.609189287656,1.2877,1.312,1.2962,1.29741739130435,10
2012-11-01,1.76413384608586,2.2,10341.2,8955.97,0.0785,0.16,76.134928443419,1.2694,1.2994,1.28025,1.28277272727273,11
2012-12-01,1.74102236874756,2.2,10513.04,9044.64,0.0734,0.16,78.3935698588068,1.2905,1.3302,1.3092,1.31193684210526,12
2013-01-01,1.59486466812257,2,10516.425,9000.86,0.069,0.14,81.9272628677047,1.3012,1.355,1.33235,1.32880454545455,1
2013-02-01,1.97792350974904,1.9,10470.2,9016.09,0.0677,0.15,83.3436434500944,1.3077,1.3644,1.3361,1.335905,2
2013-03-01,1.47389621259677,1.7,10595.125,9079.3,0.067,0.14,84.6809772023884,1.2768,1.309,1.29645,1.29636,3
2013-04-01,1.06308538148945,1.2,10668.22,9125.7,0.081,0.15,85.1552581829625,1.2818,1.3129,1.3045,1.3026,4
2013-05-01,1.36196505885168,1.4,10575.35,9137.23,0.0787,0.11,88.4165955260805,1.2853,1.3191,1.2948,1.29820454545455,5
2013-06-01,1.75441654537688,1.6,10633.825,9161.99,0.0862,0.09,86.20319062602,1.3008,1.3406,1.319,1.318875,6
2013-07-01,1.9606816118444,1.6,10677.52,9152.05,0.0931,0.09,88.4996696235863,1.2813,1.3284,1.3093,1.30801304347826,7
2013-08-01,1.51836755954321,1.3,10731.075,9182.54,0.082,0.08,88.9430436682224,1.3203,1.3392,1.3314,1.33095,8
2013-09-01,1.18492526155215,1.1,10799.48,9178.51,0.0803,0.08,90.1150721419396,1.3117,1.3545,1.3352,1.33479047619048,9
2013-10-01,0.963612704643408,0.7,10932.8,9198.42,0.0933,0.09,92.1681356046497,1.3493,1.3805,1.3594,1.36349565217391,10
2013-11-01,1.23707220453391,0.9,10965.725,9233.3,0.1031,0.08,94.6492133014086,1.3365,1.3611,1.3505,1.34929047619048,11
2013-12-01,1.50173561961839,0.8,11089.16,9246.61,0.1686,0.09,95.0910888279387,1.3536,1.3814,1.37245,1.37036,12
2014-01-01,1.57894736842106,0.8,11111.05,9221.35,0.1961,0.07,95.9823324715293,1.3516,1.3687,1.3607,1.36102272727273,1
2014-02-01,1.12634925010552,0.7,11137.5,9232.8,0.1567,0.07,95.3644747249166,1.3495,1.3813,1.36875,1.36585,2
2014-03-01,1.51220287576309,0.5,11266,9270.96,0.1919,0.08,97.5370450065864,1.3732,1.3942,1.3789,1.38225238095238,3
2014-04-01,1.95285789851675,0.7,11337.9,9297.49,0.2539,0.09,98.4552619760864,1.37,1.3872,1.3823,1.38125,4
2014-05-01,2.12711154993668,0.5,11264.575,9360.28,0.248,0.09,99.7269419038579,1.3607,1.3953,1.3702,1.37321428571429,5
2014-06-01,2.07234137316707,0.5,11334.32,9384.21,0.0758,0.1,102.133842954366,1.3528,1.3658,1.3606,1.3592380952381,6
2014-07-01,1.9923286357643,0.4,11391.05,9400.33,0.0433,0.09,102.877388907126,1.3379,1.3688,1.3532,1.35391739130435,7
2014-08-01,1.69961133416282,0.4,11419.2,9443.65,0.0179,0.09,101.528347982128,1.3177,1.3422,1.3354,1.33160952380952,8
2014-09-01,1.65791867571505,0.3,11458.52,9466.96,0.0066,0.09,102.387935430728,1.2583,1.3151,1.29195,1.29013636363636,9
2014-10-01,1.66434021563205,0.4,11542.775,9476.26,-0.0045,0.09,98.0721096278383,1.2524,1.2823,1.2666,1.26727391304348,10
2014-11-01,1.32235518237088,0.3,11595.65,9567.46,-0.0116,0.09,102.260186762185,1.2393,1.2539,1.248,1.24722,11
2014-12-01,0.756493269655739,-0.2,11739.06,9695.4,-0.0301,0.12,101.376529366506,1.2141,1.2537,1.2331,1.23313333333333,12
2015-01-01,-0.0893483130696457,-0.6,11761.95,9738.73,-0.0506,0.11,100.079093658786,1.1198,1.2043,1.1618,1.16213333333333,1
2015-02-01,-0.0251298018153031,-0.3,11821.425,9737.23,-0.036,0.11,102.775583333294,1.124,1.1447,1.1337,1.134965,2
2015-03-01,-0.0736373908664181,-0.1,11945.72,9801.25,-0.0504,0.11,102.253724402852,1.0557,1.1227,1.08505,1.08376818181818,3
2015-04-01,-0.199517446176685,0.2,12022.95,9869.93,-0.0745,0.12,103.848803269392,1.0552,1.1215,1.0773,1.07793,4
2015-05-01,-0.0399327448507779,0.6,11898.875,9940.37,-0.1058,0.12,104.406813949143,1.0863,1.1419,1.1158,1.114955,5
2015-06-01,0.123771203685436,0.5,11953.08,9973.9,-0.1185,0.13,103.163231235861,1.0944,1.1404,1.12165,1.12132272727273,6
2015-07-01,0.169569779643243,0.5,12016,10027.94,-0.1177,0.13,101.693840575468,1.0852,1.1185,1.1009,1.09957826086957,7
2015-08-01,0.195079293005743,0.4,12062.56,10032.57,-0.1213,0.14,98.640141647424,1.0883,1.1506,1.1109,1.11390476190476,8
2015-09-01,-0.0361297478059709,0.2,12139.025,10040.56,-0.1357,0.14,93.2241225825274,1.1138,1.1419,1.1216,1.12211818181818,9
2015-10-01,0.17057443573555,0.4,12158,10114.07,-0.1389,0.12,96.7003099591045,1.093,1.1439,1.126,1.12350909090909,10
2015-11-01,0.501797578667902,0.1,12288.04,10180.68,-0.1347,0.12,97.660672750338,1.0579,1.1032,1.0711,1.0736,11
2015-12-01,0.729519786041594,0.3,12422.675,10228.43,-0.199,0.24,95.553662635809,1.06,1.099,1.0921,1.08771818181818,12
2016-01-01,1.37308681383098,0.3,12484.175,10264.18,-0.2387,0.34,89.2078130860903,1.0742,1.092,1.0878,1.085965,1
2016-02-01,1.01779978016546,-0.1,12505.2,10278.37,-0.2404,0.38,88.2409879355244,1.0884,1.1347,1.1096,1.10929523809524,2
2016-03-01,0.852536221142728,0,12678.775,10322.67,-0.2877,0.36,94.195068657885,1.0856,1.1385,1.1109,1.10996666666667,3
2016-04-01,1.12511041889441,-0.3,12791.525,10399.15,-0.3378,0.37,96.8375180231924,1.1252,1.1432,1.1355,1.13391904761905,4
2016-05-01,1.01932255419357,-0.1,12703.96,10440.84,-0.338,0.37,96.8365814493761,1.1139,1.1569,1.1321,1.13110909090909,5
2016-06-01,0.997326494523087,0,12786.1,10473.18,-0.3325,0.38,97.5245885748296,1.0998,1.1389,1.1242,1.12289090909091,6
2016-07-01,0.827138870498699,0.2,12841.375,10542.97,-0.3288,0.39,99.9992039122561,1.0982,1.1157,1.107,1.10685238095238,7
2016-08-01,1.06287450276103,0.2,12931.94,10533.41,-0.3388,0.4,101.047979271748,1.1078,1.1339,1.1184,1.12117391304348,8
2016-09-01,1.46378364748158,0.4,13013.475,10551.92,-0.343,0.4,100.230163015356,1.1146,1.1296,1.12205,1.12120909090909,9
2016-10-01,1.63598752091762,0.5,13071.16,10568.29,-0.3466,0.4,99.0518594970692,1.0872,1.1236,1.0994,1.10260476190476,10
2016-11-01,1.69253716250378,0.6,13190.75,10660.03,-0.3487,0.41,99.854222285493,1.0548,1.1095,1.0741,1.07989545454545,11
2016-12-01,2.07462213296691,1.1,13284.6,10735.86,-0.3504,0.54,103.843652113402,1.0364,1.0762,1.0541,1.05429047619048,12
2017-01-01,2.50004220905299,1.7,13292.82,10734.72,-0.3515,0.65,105.023547807176,1.0385,1.0755,1.06465,1.06144090909091,1
2017-02-01,2.73795817148932,2,13299.6,10769.9,-0.3528,0.66,106.974431066528,1.0513,1.0808,1.0629,1.064265,2
2017-03-01,2.38061243344026,1.5,13480.4,10860.5,-0.3535,0.79,107.7979604232,1.0514,1.0889,1.0691,1.06846956521739,3
2017-04-01,2.1996898784173,1.9,13589.025,10927.12,-0.3569,0.9,107.274322002507,1.0578,1.093,1.068,1.07226666666667,4
2017-05-01,1.87487772084135,1.4,13466.46,10939.55,-0.3589,0.91,108.387908270087,1.086,1.1243,1.1088,1.10575,5
2017-06-01,1.63348795525647,1.3,13520.1,11009.27,-0.3587,1.04,109.926137105978,1.1147,1.1413,1.1217,1.12294545454545,6
2017-07-01,1.7279784563725,1.3,13577.9,11034.1,-0.3595,1.15,111.184705000321,1.1329,1.1729,1.1462,1.15111428571429,7
2017-08-01,1.93897421205818,1.5,13653.225,11077.98,-0.3558,1.16,110.952622008642,1.1697,1.2048,1.1799,1.18067391304348,8
2017-09-01,2.23296386500322,1.6,13699.125,11099.08,-0.3581,1.15,112.86192139055,1.1741,1.206,1.1931,1.19145714285714,9
2017-10-01,2.04112870197618,1.4,13744.22,11118.28,-0.359,1.15,115.632306739164,1.1605,1.1856,1.1756,1.17558636363636,10
2017-11-01,2.20258293868318,1.5,13818.125,11177.79,-0.3492,1.16,115.948587716928,1.1562,1.1952,1.1747,1.1738,11
2017-12-01,2.10908247456841,1.3,13928.375,11239.5,-0.3423,1.3,119.044807096232,1.1736,1.1993,1.1845,1.18362105263158,12
2018-01-01,2.07050762027518,1.3,13884.18,11225.59,-0.3624,1.41,124.243166406221,1.1932,1.2457,1.22325,1.21995,1
2018-02-01,2.21179542123865,1.1,13839.275,11222.73,-0.3647,1.42,119.489117714685,1.2214,1.2493,1.2331,1.23478,2
2018-03-01,2.35971140397292,1.4,14005.35,11287.42,-0.3639,1.51,118.081728240932,1.2171,1.2421,1.2321,1.23361904761905,3
2018-04-01,2.46274394333479,1.2,14078.76,11323.92,-0.3657,1.69,117.40130736339,1.207,1.2388,1.2306,1.22763,4
2018-05-01,2.80101171480757,2,13975.55,11430.14,-0.3625,1.7,118.303508920631,1.1558,1.2007,1.17995,1.18122272727273,5
2018-06-01,2.87154783531668,2,14066.95,11537.88,-0.3618,1.82,118.59993453349,1.1534,1.1836,1.1672,1.16782857142857,6
2018-07-01,2.94951508664711,2.2,14106.02,11527.92,-0.3636,1.91,119.529577703549,1.1588,1.1789,1.1698,1.16857272727273,7
2018-08-01,2.69918010418745,2.1,14160.95,11528.75,-0.3591,1.91,121.281532684319,1.1321,1.171,1.1588,1.15489565217391,8
2018-09-01,2.27697219419899,2.1,14198.8,11574.76,-0.3627,1.95,122.261188896168,1.1562,1.1777,1.16505,1.16587,9
2018-10-01,2.52246992860703,2.3,14199.92,11589.38,-0.366,2.19,117.418446664228,1.1318,1.1606,1.15,1.14840434782609,10
2018-11-01,2.1766010321524,1.9,14242.1,11675.06,-0.3613,2.2,115.529377276752,1.1261,1.1487,1.13665,1.13668636363636,11
2018-12-01,1.91015884863136,1.5,14433.86,11723.08,-0.3605,2.27,108.75523252084,1.1285,1.1454,1.1377,1.13842105263158,12
2019-01-01,1.5512351381991,1.4,14434.375,11706.03,-0.367,2.4,111.166160838758,1.1341,1.1535,1.14105,1.14164090909091,1
2019-02-01,1.52013526593331,1.5,14387.625,11753.67,-0.367,2.4,117.223451995675,1.126,1.1471,1.13455,1.135115,2
2019-03-01,1.86252274056917,1.4,14546.35,11898.1,-0.3679,2.41,118.282997954054,1.1218,1.1387,1.1303,1.13024761904762,3
2019-04-01,1.99643977553026,1.7,14628.16,11955.17,-0.367,2.42,121.037836177318,1.1123,1.1321,1.1244,1.123825,4
2019-05-01,1.79022846876639,1.2,14561.3,12041.57,-0.3666,2.39,118.64245498475,1.1134,1.1245,1.1186,1.11845909090909,5
2019-06-01,1.64848465607624,1.3,14718.475,12127.86,-0.3616,2.38,120.173472202255,1.1185,1.1394,1.1295,1.12934,6
2019-07-01,1.81146480639351,1,14801.84,12162.64,-0.3668,2.4,123.43003301891,1.1115,1.1349,1.1216,1.12183913043478,7
2019-08-01,1.74977988942916,1,14888.7,12274.64,-0.3612,2.13,118.284028185252,1.1036,1.1222,1.1105,1.11262272727273,8
2019-09-01,1.71130451316952,0.8,14978.5,12262.78,-0.4032,2.04,121.758904358487,1.0889,1.1096,1.1018,1.10039047619048,9
2019-10-01,1.7640429444214,0.7,15108.375,12304.76,-0.4642,1.83,121.350932804107,1.0898,1.1173,1.1043,1.10525652173913,10
2019-11-01,2.05127798189161,1,15238.725,12408.91,-0.4513,1.55,125.88704076859,1.0982,1.1158,1.1041,1.10509523809524,11
2019-12-01,2.28512974012172,1.3,15396.9,12403,-0.4562,1.55,128.520311710498,1.1023,1.1234,1.10955,1.111345,12
2020-01-01,2.48657195525045,1.4,15409.6,12371.14,-0.4527,1.55,130.905203276323,1.1001,1.1194,1.1109,1.11003636363636,1
2020-02-01,2.33487356394594,1.2,15360.25,12450.41,-0.4533,1.58,128.693577866513,1.079,1.1066,1.0888,1.0905,2
2020-03-01,1.53932699191982,0.7,15947.68,12770.39,-0.4488,0.65,100.458031424861,1.0707,1.1456,1.1069,1.10634090909091,3
2020-04-01,0.329096686336815,0.3,17047.925,12953.58,-0.4516,0.05,101.804075313647,1.0772,1.0963,1.0867,1.08619,4
2020-05-01,0.117926370210715,0.1,17698.9,13173.5,-0.4567,0.05,105.655547818415,1.0783,1.1136,1.08895,1.090185,5
2020-06-01,0.645733047555484,0.3,18060.2,13254.11,-0.4607,0.08,113.166214223466,1.1116,1.1375,1.12515,1.12545909090909,6
2020-07-01,0.986081825303721,0.4,18257.25,13321.06,-0.4649,0.09,115.094338739081,1.12,1.1848,1.1428,1.14633913043478,7
2020-08-01,1.3096453823307,-0.2,18299.62,13354.82,-0.4677,0.1,120.63801281514,1.1726,1.194,1.1817,1.18280952380952,8
2020-09-01,1.37132486105647,-0.3,18536.925,13432.99,-0.469,0.09,119.745551625588,1.1634,1.1987,1.1805,1.17924090909091,9
2020-10-01,1.18206616772747,-0.3,18655.475,13530.94,-0.4694,0.09,121.471095224738,1.1698,1.1856,1.17775,1.17751818181818,10
2020-11-01,1.17453578426798,-0.3,18950.4,13646.04,-0.4713,0.09,128.247956044718,1.1652,1.198,1.1863,1.18379047619048,11
2020-12-01,1.36200549471932,-0.3,19229.075,13774.32,-0.4725,0.09,134.594086566581,1.1968,1.2281,1.2164,1.21697272727273,12
2021-01-01,1.39976974156009,0.9,19365.8,13810.09,-0.4783,0.09,138.83573572322,1.2064,1.2338,1.2155,1.217085,1
2021-02-01,1.67621521737451,0.9,19467.8,13884.38,-0.4787,0.08,142.342923693117,1.1983,1.2225,1.21145,1.20979,2
2021-03-01,2.61976250895919,1.3,19870.54,13984.12,-0.4793,0.07,144.964862091847,1.1725,1.2053,1.1907,1.18990869565217,3
2021-04-01,4.15969483870212,1.6,20266.125,14041.11,-0.4808,0.07,150.286006229152,1.1746,1.2129,1.19965,1.19791,4
2021-05-01,4.99270653759447,2,20305.26,14157.34,-0.4797,0.06,153.506602611261,1.2005,1.2264,1.2169,1.21459047619048,5
2021-06-01,5.39145141332134,1.9,20423.55,14260.35,-0.4796,0.08,155.217816631022,1.1884,1.2225,1.211,1.20470909090909,6
2021-07-01,5.36547523938539,2.2,20538.725,14390.76,-0.4812,0.1,154.784932213129,1.1766,1.1891,1.18175,1.18218181818182,7
2021-08-01,5.25127155487501,3,20728.74,14436.15,-0.4829,0.09,156.607785831792,1.1671,1.1886,1.1763,1.17718181818182,8
2021-09-01,5.39034885507916,3.4,20909.7,14485.02,-0.485,0.08,155.120974898417,1.1579,1.1872,1.178,1.17703181818182,9
2021-10-01,6.2218689033289,4.1,21065.45,14565.34,-0.4856,0.08,156.854104745479,1.1542,1.1655,1.1602,1.16014761904762,10
2021-11-01,6.80900283980648,4.9,21292.06,14638.05,-0.488,0.08,159.942831534253,1.1206,1.1603,1.1406,1.14140454545455,11
2021-12-01,7.03640286554513,5,21631.85,14759.65,-0.4922,0.08,157.338219751124,1.1256,1.1339,1.1309,1.13037826086957,12
2022-01-01,7.47987246828913,5.1,21638.78,14760.32,-0.579465714285714,0.08,158.100309865447,1.1138,1.1463,1.1319,1.13144761904762,1
2022-02-01,7.87106389773928,5.9,21582.5,14829.59,-0.576333,0.08,155.27344911571,1.1163,1.1464,1.13445,1.13419,2
2022-03-01,8.54245555484244,7.4,21841.2,14939.75,-0.577703043478261,0.2,152.955709892514,1.0892,1.1162,1.1002,1.10189565217391,3
2022-04-01,8.25862934088236,7.5,21905.9,15025.78,-0.583707368421053,0.33,153.593891290941,1.0485,1.1052,1.0861,1.08187368421053,4
2022-05-01,8.58151154367651,8.1,21558.64,15081.65,-0.584741363636364,0.77,144.418277612655,1.0385,1.0764,1.05575,1.05785,5
2022-06-01,9.05975796478416,8.7,21574.5,15172.5,-0.582624090909091,1.21,139.729508116115,1.0387,1.0743,1.0537,1.05658181818182,6
2022-07-01,8.52481474562553,8.9,21579.675,15310.78,-0.571064285714286,1.68,137.487350399894,1.0005,1.0455,1.0177,1.01789047619048,7
2022-08-01,8.26269250311623,9.2,21560.7,15377.45,-0.0946521739130435,2.33,144.21860007502,0.9927,1.0338,1.0178,1.01284347826087,8
2022-09-01,8.20166964383362,9.9,21485.45,15419.61,0.254584090909091,2.56,135.133459427388,0.9565,1.0175,0.9941,0.990377272727273,9
2022-10-01,7.7454273308049,10.6,21394.58,15322.06,0.655378571428571,3.08,131.97786126813,0.9697,1.0037,0.9811,0.982566666666667,10
2022-11-01,7.11032279419173,10.1,21398.4,15322.69,1.26661954545455,3.78,142.09089167915,0.9753,1.0463,1.03135,1.02012727272727,11
2022-12-01,6.45440133141082,9.2,21440.45,15315.73,1.50396476190476,4.1,143.19295808879,1.0454,1.0666,1.0599,1.05888095238095,12
2023-01-01,6.41014696885625,8.7,21308.56,15211.66,1.90131181818182,4.33,147.018019211939,1.05,1.0903,1.08145,1.0769,1
